Age,Income,Credit_Score,Loan_Amount,Employment_Years,Existing_Loan,Loan_Term,Debt_to_Income,Loan_Approved
59,64327,502,610315,35,0,3,36.2,Yes
49,88904,643,929979,29,1,7,31.4,No
35,23797,529,223921,16,0,3,58.8,No
28,67882,736,936559,8,0,15,59.2,Yes
41,33718,778,723218,17,1,15,28.5,No
59,54560,847,789522,35,1,7,43.8,No
39,96589,614,653291,21,0,5,61.0,No
43,42116,603,757755,25,0,7,62.9,No
31,56244,617,614046,8,0,15,38.0,Yes
31,21645,504,366456,8,0,7,34.9,No
44,67523,747,380814,22,1,3,25.3,Yes
56,39256,820,132279,33,1,7,62.7,No
60,73173,620,65434,35,0,5,17.9,Yes
44,57430,785,769407,25,0,3,41.9,No
23,59282,648,490991,0,1,10,25.5,No
42,83374,583,387913,18,0,15,25.3,Yes
22,88244,730,820042,0,0,15,32.3,Yes
44,31694,787,378821,21,0,7,64.9,Yes
50,76264,660,133555,31,0,3,13.0,Yes
58,95060,771,702667,34,1,10,41.8,Yes
22,77545,537,791280,0,0,3,14.5,Yes
41,59224,725,813799,20,0,15,18.5,Yes
53,33224,641,226806,32,0,3,34.2,No
32,60738,791,938097,14,1,10,38.1,Yes
42,45150,650,531719,18,0,7,24.2,No
45,83731,613,483819,23,0,5,27.4,Yes
47,69688,736,519924,27,0,3,14.8,Yes
48,93509,565,118803,28,0,5,26.7,Yes
36,28577,840,482548,17,0,15,63.2,No
35,28070,757,928135,11,0,7,62.0,No
23,28666,748,857744,0,0,7,28.4,No
57,77761,830,798736,35,0,3,41.4,Yes
27,56368,822,527742,3,1,7,60.0,Yes
41,26783,679,749539,19,0,3,10.3,Yes
29,61914,689,776802,8,0,3,54.6,Yes
59,90507,653,295404,35,0,5,62.2,Yes
38,99026,695,692249,14,1,7,15.0,Yes
24,87526,810,352523,6,0,3,18.9,Yes
45,90835,761,67297,22,1,5,62.8,Yes
34,65765,642,838443,16,1,10,39.6,No
29,39956,841,559346,11,0,5,10.8,Yes
46,66240,815,170234,24,1,5,24.2,Yes
22,57148,600,618302,3,0,3,34.7,Yes
40,24757,743,817454,16,0,15,48.1,No
48,39097,511,979242,30,1,15,50.3,Yes
27,30395,738,930765,9,1,15,64.7,No
28,36241,548,228570,5,0,5,25.8,Yes
55,47696,541,833152,35,0,3,39.6,No
34,90480,665,847552,14,0,7,39.3,Yes
37,66163,581,559733,18,1,5,32.3,No
56,39816,790,976271,32,0,5,19.3,Yes
60,69840,657,334996,35,0,3,63.8,Yes
24,72853,715,391383,1,0,10,56.9,Yes
22,44917,657,444145,0,0,5,37.4,Yes
26,41566,633,782847,2,1,10,43.2,No
24,95452,566,561603,4,0,10,22.5,Yes
49,82823,835,665863,25,1,15,39.9,Yes
38,40806,506,557365,18,0,3,48.2,No
46,95520,513,669328,27,1,10,38.3,No
54,21759,572,198510,35,0,3,64.5,No
30,61949,662,229587,9,0,15,43.6,Yes
56,22482,565,580032,35,0,3,30.4,No
34,44442,846,789180,14,0,5,52.5,Yes
51,53719,629,485633,29,0,10,19.4,Yes
35,78066,705,974573,11,1,3,31.1,Yes
28,22079,775,878791,10,1,7,29.1,No
34,22717,755,725159,10,0,3,33.7,Yes
43,79676,765,410890,22,0,10,53.0,Yes
60,47952,524,799122,35,0,15,36.6,No
41,62460,780,695194,21,0,15,53.7,No
36,92847,752,251260,18,1,10,41.7,Yes
38,38449,809,795219,14,1,5,28.8,No
44,53536,788,827881,20,0,5,54.5,Yes
46,84077,663,813034,24,0,15,23.1,Yes
45,58258,594,581885,22,0,15,22.3,Yes
49,68302,769,883525,31,1,10,37.7,Yes
35,48865,820,480442,14,0,5,24.3,No
21,26645,609,253199,0,1,15,10.5,No
45,58000,835,426794,22,1,5,45.7,Yes
27,46737,809,534585,3,0,15,38.1,Yes
29,31485,737,782722,7,1,3,34.5,No
44,58565,524,731777,22,0,7,63.2,No
21,45522,640,986197,0,1,3,41.4,No
28,85155,616,522890,6,0,15,57.5,No
44,75168,524,433100,25,0,7,17.7,Yes
31,72487,578,165598,8,1,7,41.3,No
37,32342,567,300100,13,1,15,57.7,No
28,60806,672,832877,9,1,15,42.1,No
55,68770,511,758521,32,0,5,49.5,No
55,98623,787,826676,35,1,15,30.5,Yes
53,95629,627,183241,35,0,10,15.1,Yes
25,72603,595,789452,4,1,15,35.2,No
59,46399,591,203124,35,0,10,31.7,Yes
48,96534,640,515065,28,1,15,57.7,No
27,75106,530,254923,5,1,5,23.4,No
29,50678,833,58036,10,1,10,63.2,Yes
28,96218,519,606066,4,0,3,62.7,No
32,83230,645,995238,8,0,10,23.6,Yes
54,94055,815,204245,30,1,5,29.1,Yes
53,76373,659,735763,31,0,10,59.3,Yes
43,51480,848,252747,23,1,15,63.2,Yes
44,88836,542,973848,20,0,15,34.4,Yes
57,92258,753,593088,35,0,5,27.7,Yes
55,59986,629,337516,33,1,7,38.9,No
60,44160,559,373660,35,0,15,47.8,Yes
42,99111,650,856970,22,0,3,25.0,Yes
47,84929,786,900350,28,0,5,50.5,Yes
55,93506,504,982477,33,0,10,12.8,Yes
21,54911,765,383299,0,1,10,12.7,Yes
55,51821,844,805600,34,0,3,31.2,Yes
57,95039,629,109500,35,1,15,29.4,No
34,80535,766,217647,12,1,5,27.4,Yes
23,32175,677,286527,0,0,3,37.0,Yes
21,74771,752,485477,0,1,15,27.6,Yes
25,86358,555,684947,4,0,5,20.6,Yes
46,37327,582,602004,28,0,10,27.0,No
34,67057,598,446452,13,1,5,63.6,No
59,26150,648,459064,35,0,7,32.6,No
47,24425,828,52352,29,0,5,34.5,Yes
29,36032,655,183004,6,0,7,41.7,Yes
35,22198,689,912881,16,0,5,64.1,No
35,80500,762,582844,13,0,7,23.3,Yes
46,73394,579,836261,22,1,10,47.5,No
33,40079,751,398980,13,0,15,49.4,Yes
52,56220,596,710858,34,0,7,43.4,No
59,61874,759,781478,35,0,7,14.9,Yes
52,33859,759,100098,34,0,10,47.2,Yes
24,70460,602,424313,2,0,7,13.5,Yes
50,51419,539,714929,27,0,3,42.8,No
57,28705,772,297199,35,0,10,50.7,Yes
43,62880,600,176060,21,0,3,21.6,Yes
59,43236,807,237954,35,0,10,56.3,Yes
35,35358,720,775753,12,0,7,11.7,Yes
49,96918,807,180544,28,1,3,56.4,Yes
56,34596,623,574628,35,1,7,35.3,No
33,53572,730,749309,9,0,10,22.0,No
52,98757,677,656590,28,1,7,17.4,Yes
27,21279,562,797028,6,1,3,62.4,Yes
42,83197,615,517243,23,0,3,14.0,Yes
48,82516,690,574426,28,0,7,21.0,Yes
22,27083,561,443574,0,1,5,29.1,No
26,37771,755,693907,6,1,10,44.1,No
48,49975,506,518466,26,0,10,40.0,Yes
48,65648,654,921808,27,1,7,16.9,Yes
40,68285,591,674219,16,0,5,25.9,Yes
50,39063,513,998158,31,1,3,23.1,No
31,87642,728,206951,7,1,15,21.7,Yes
48,57599,585,917964,28,0,15,32.6,No
45,71920,632,892210,21,1,7,48.7,No
59,48529,682,612060,35,0,5,22.0,Yes
53,55954,561,108478,34,1,5,30.2,No
21,47856,718,507569,1,1,10,31.5,Yes
47,22573,745,601050,28,0,3,63.7,Yes
33,98344,729,194355,11,0,5,62.5,Yes
23,55367,578,769282,0,0,15,54.0,No
59,80774,648,744780,35,1,3,23.3,No
26,43752,637,892000,3,0,3,13.7,No
28,75029,813,921522,4,1,7,27.4,Yes
47,37685,564,856651,25,0,5,24.7,No
29,71693,512,893601,10,0,7,37.8,No
57,75961,712,543671,35,0,5,52.8,Yes
53,96908,741,649253,31,1,10,57.2,Yes
44,94532,712,227912,21,1,7,56.5,Yes
35,76133,680,225767,16,1,7,29.8,Yes
52,81268,837,286281,34,1,15,47.8,Yes
52,58243,672,134754,34,1,7,27.2,Yes
44,77384,659,652276,23,0,5,13.3,Yes
32,51653,663,501558,8,0,15,48.6,Yes
59,46657,687,557732,35,0,7,10.5,Yes
22,59952,690,200023,1,1,7,32.5,Yes
23,42180,807,706667,4,1,10,28.1,Yes
57,98411,755,130388,35,0,7,48.1,Yes
37,21622,682,927200,19,1,3,52.1,No
22,68756,616,871860,4,1,15,26.7,No
22,60809,781,289779,3,0,3,54.6,Yes
48,36725,695,928453,30,0,15,26.2,Yes
43,81396,533,954850,21,0,10,34.5,Yes
57,71226,551,256846,35,0,7,50.0,Yes
52,49402,611,744335,32,1,7,48.1,No
53,24263,751,182212,32,0,7,64.3,Yes
21,66828,581,992346,1,0,15,22.4,No
39,67924,731,862853,16,1,7,46.4,No
22,94182,726,838140,4,1,3,43.5,Yes
46,79052,732,971134,23,1,7,60.3,No
52,31664,720,462811,28,0,10,18.6,Yes
26,55737,541,650309,2,0,3,51.3,No
52,49373,520,209380,29,1,7,41.3,No
24,56397,541,94789,5,0,7,25.1,Yes
31,58709,612,76086,11,0,5,36.1,Yes
37,81120,604,329003,14,0,15,28.4,Yes
58,39250,691,581972,34,0,3,41.9,No
44,41172,516,141088,21,0,5,58.9,Yes
25,31555,619,444423,6,0,10,41.3,No
54,98617,628,620387,31,0,15,44.7,No
26,73276,629,640381,6,0,3,38.5,Yes
42,77492,559,210761,21,0,7,12.8,Yes
31,73002,547,885083,12,0,3,22.8,No
36,92355,528,588181,12,1,7,37.1,Yes
53,44762,596,541024,33,0,15,27.1,No
29,31046,509,640706,6,0,7,20.0,No
26,48769,741,175074,3,0,10,37.7,Yes
36,73302,813,939497,15,0,7,27.8,Yes
49,43150,731,180351,25,0,10,24.2,Yes
23,88247,776,765371,0,0,15,35.5,Yes
40,24853,783,88635,18,1,15,17.3,Yes
56,41792,702,145071,32,0,3,61.0,Yes
39,79129,746,515918,18,0,10,57.7,Yes
46,94478,789,914950,28,1,10,48.9,Yes
23,87298,763,418377,1,0,5,15.8,Yes
39,51987,713,940083,17,0,5,52.7,Yes
40,35850,699,647093,17,0,5,54.4,No
52,32112,578,471280,29,1,7,52.2,No
27,44058,842,959245,3,0,5,16.3,Yes
53,65420,843,391207,31,0,10,45.4,Yes
60,58890,672,314598,35,0,7,55.9,Yes
59,86017,568,333022,35,1,15,41.8,No
38,67304,586,232170,15,0,3,45.6,No
60,52921,600,243226,35,1,5,35.2,No
21,21524,507,194063,2,0,15,39.1,No
31,35048,832,642632,8,1,10,11.9,No
48,55111,699,941378,26,1,3,45.1,Yes
45,57904,586,610881,27,0,15,14.5,Yes
43,74912,542,610592,25,0,3,33.9,Yes
51,54008,608,473602,29,0,5,26.1,Yes
50,20060,651,760580,30,0,10,40.0,Yes
55,94666,516,163613,35,1,3,17.3,No
27,75337,632,774698,8,0,15,48.0,No
36,33350,647,537505,15,0,5,53.7,Yes
46,44354,776,464299,24,0,5,19.0,Yes
22,65186,731,592642,0,1,15,15.7,Yes
21,48145,813,334334,2,0,15,18.0,Yes
32,54020,727,580430,11,0,3,58.2,Yes
25,95186,638,471614,4,0,7,39.1,Yes
57,40581,710,233043,35,1,5,35.7,Yes
52,43051,527,878294,31,0,3,15.9,No
29,71474,550,758770,7,0,15,45.7,No
55,89626,760,200575,35,0,3,57.7,Yes
39,26960,760,175438,16,0,15,55.6,Yes
36,55772,849,622744,17,0,10,44.4,Yes
23,41520,507,674455,3,1,15,14.1,No
40,69481,819,918467,17,1,15,16.2,Yes
44,56408,637,844448,25,0,15,12.7,No
53,77134,537,314528,31,1,7,24.2,No
44,40491,610,243392,25,0,15,17.5,Yes
31,21341,719,458288,13,1,5,24.3,No
28,64623,836,152239,6,1,5,31.2,Yes
56,20338,722,685719,33,0,3,61.9,No
58,91431,635,916450,34,1,7,43.6,Yes
60,32254,755,614798,35,0,3,55.9,No
40,71860,828,754293,21,0,5,49.1,Yes
55,31344,548,858258,31,0,5,16.2,No
45,21750,791,380170,23,0,10,50.5,No
55,74756,823,171668,34,1,15,25.1,Yes
45,87957,577,816988,23,1,5,45.2,No
49,78053,604,468734,28,0,3,28.8,Yes
38,90855,668,598333,15,1,3,64.9,Yes
38,35896,716,231948,18,1,15,24.5,Yes
22,75761,618,535662,1,0,15,25.4,Yes
55,82552,689,664390,31,0,10,61.2,Yes
36,97454,754,364063,14,0,7,11.4,Yes
56,47935,765,673729,33,1,3,48.3,No
53,57641,648,208175,29,1,15,49.9,No
24,49711,663,299877,1,0,3,56.0,Yes
53,90342,639,186917,33,1,15,63.6,No
34,32182,846,267770,16,0,5,63.7,Yes
41,76276,757,692613,19,0,3,13.6,No
40,39541,768,593625,21,0,5,55.2,No
28,64813,680,727673,6,0,3,45.5,Yes
27,57198,659,994447,7,0,7,45.6,Yes
23,28820,850,390093,1,0,10,17.1,No
37,44070,787,836708,18,0,5,45.8,Yes
53,89768,787,363295,32,0,15,64.0,Yes
32,31122,725,985115,9,0,7,60.2,No
42,93543,510,717304,23,1,3,34.2,No
42,61786,509,889319,18,0,5,12.2,No
50,26737,770,655730,30,1,3,29.9,No
58,56062,772,99847,35,0,3,55.5,Yes
58,74237,682,108653,34,0,3,48.6,Yes
28,71571,652,791432,4,1,10,35.3,Yes
47,45510,814,827949,27,0,10,13.0,Yes
47,39426,833,368766,26,0,15,33.5,Yes
54,57265,623,339954,35,1,5,35.8,Yes
41,37850,613,127842,17,0,7,61.1,No
50,86150,777,958657,26,0,7,45.3,Yes
53,94910,712,322647,32,0,7,27.1,Yes
48,72375,671,134761,26,0,3,38.9,Yes
53,55435,787,480192,29,0,10,13.6,Yes
25,77132,673,962871,2,0,5,63.5,No
39,98945,612,848022,18,1,3,29.8,No
24,22983,621,566637,0,1,10,36.3,No
55,40662,531,716246,35,1,10,29.5,No
37,43510,721,980370,18,0,5,47.5,Yes
48,98187,618,378768,25,1,5,46.4,No
50,60998,538,738152,31,0,5,49.3,No
49,76846,767,452980,30,1,3,24.7,Yes
26,26640,732,831198,2,1,15,27.4,No
55,64547,517,170356,32,1,5,16.9,No
57,74620,648,267228,34,0,15,46.1,No
44,35317,648,92727,22,0,3,12.2,No
49,27564,625,390615,30,0,15,42.9,No
51,47345,801,582356,28,1,7,57.8,No
55,99273,737,691211,33,0,15,59.0,Yes
53,94859,634,450511,32,1,5,34.7,No
41,94038,650,484376,19,0,3,35.3,Yes
52,72393,735,61390,32,0,5,14.2,Yes
43,86081,723,681040,25,0,7,46.9,Yes
53,49430,702,987635,29,0,5,55.2,Yes
23,95532,755,406898,2,0,5,23.5,No
38,47788,585,388113,20,0,5,33.2,Yes
45,68543,649,720398,27,1,10,56.1,No
51,33919,734,799078,30,0,7,58.2,No
23,89346,844,389208,3,0,5,23.4,Yes
60,59974,521,71281,35,1,5,40.3,No
44,36371,847,104189,20,1,5,20.6,Yes
52,65084,784,312093,30,1,3,15.6,Yes
42,49629,768,360655,19,0,10,60.1,Yes
43,71184,757,696403,21,1,3,55.1,Yes
22,81916,528,582893,1,1,10,51.8,No
47,93972,712,412462,23,0,5,12.7,Yes
22,82187,782,444597,0,0,7,56.4,Yes
46,32984,549,856242,22,0,15,34.1,No
37,53039,594,299415,13,0,15,28.8,Yes
60,78606,587,729682,35,1,5,40.1,No
53,30616,543,91869,30,0,3,15.0,No
29,70072,777,607243,8,1,7,51.6,Yes
59,44574,670,635676,35,0,10,42.0,Yes
49,23430,688,815612,31,0,5,20.3,Yes
46,32676,683,60207,22,0,7,20.4,Yes
55,30816,502,268401,35,0,7,20.1,No
45,52733,690,209292,27,1,10,13.1,Yes
44,22050,617,527266,26,1,7,42.3,No
33,53933,518,546762,12,0,3,56.2,No
27,44951,522,255157,9,0,3,11.0,Yes
56,52413,529,72031,35,0,3,12.7,Yes
40,54801,794,513937,16,1,7,41.5,Yes
21,75619,607,917239,0,0,3,55.1,No
28,52913,780,645600,9,0,10,28.0,Yes
36,60600,627,634054,16,0,7,29.2,Yes
34,77775,728,193521,12,1,15,42.8,Yes
32,55400,610,401977,9,0,7,25.1,Yes
43,24494,635,237771,21,0,10,11.5,No
35,94691,685,287199,15,1,15,50.4,Yes
48,63001,643,811019,25,0,7,44.4,No
54,87364,571,810129,32,0,3,41.9,No
22,65028,628,685329,3,1,5,50.8,No
52,57573,760,690473,29,1,5,47.1,Yes
43,20806,502,227164,19,0,3,21.3,No
42,76638,603,506887,20,0,5,29.4,Yes
45,49757,723,584638,22,0,5,16.9,Yes
42,54636,819,801518,23,1,3,17.1,Yes
42,68280,509,937291,24,0,3,47.2,No
26,44262,801,563313,3,1,7,57.2,No
35,82211,730,835858,12,0,7,63.0,Yes
57,74842,718,118487,35,0,3,44.6,Yes
53,76979,565,198694,35,1,10,20.1,No
28,58197,611,173853,6,1,5,15.8,No
25,61844,512,365261,4,0,7,54.7,No
59,84754,585,285062,35,0,5,41.8,No
24,54157,733,501610,6,0,15,44.0,Yes
26,97129,589,283077,6,1,3,53.0,No
52,60042,813,937516,33,1,10,48.7,No
50,81665,553,73782,28,0,15,55.9,No
55,47376,511,559492,32,1,15,13.1,No
60,75554,708,864886,35,0,15,51.1,Yes
36,34199,513,904336,12,0,3,56.8,No
33,70948,620,704224,15,0,7,25.7,Yes
50,93781,519,458808,28,0,3,45.2,No
39,92750,574,203245,20,0,7,27.3,Yes
37,86262,742,172258,15,0,15,62.7,Yes
39,66600,722,685956,20,0,15,11.8,Yes
48,96898,569,504418,25,1,10,41.9,No
46,82483,811,532616,22,0,7,19.2,Yes
57,38297,710,436328,33,0,15,49.2,Yes
46,50448,600,556581,26,0,5,19.7,Yes
43,46172,685,473966,24,1,10,22.9,Yes
29,62874,631,328710,7,0,3,37.2,Yes
32,27657,610,712550,8,0,10,60.3,No
21,45425,631,612621,3,1,5,21.6,No
21,46685,519,434073,0,0,7,17.9,Yes
54,44578,523,786265,33,0,3,51.7,Yes
52,48831,726,663859,31,1,3,37.5,Yes
45,27906,653,170263,21,0,7,60.1,Yes
60,81413,792,969093,35,0,10,18.1,Yes
21,74028,729,599523,1,0,15,45.5,Yes
36,27287,809,50159,12,0,10,22.8,Yes
59,53660,701,717505,35,0,5,18.6,Yes
25,95758,537,212993,3,0,15,47.6,No
42,80504,759,417003,22,0,10,42.7,Yes
49,79720,687,197309,26,0,7,51.5,Yes
23,54701,556,157507,3,1,5,27.0,No
32,37674,519,975748,9,0,5,34.6,No
46,43874,772,64743,24,0,5,32.3,Yes
36,63642,618,802462,14,1,15,64.1,No
57,85160,570,96101,35,1,3,26.1,No
42,37602,503,292717,23,0,15,26.2,No
49,45931,720,695822,26,1,10,29.5,Yes
34,49192,513,396371,13,0,3,41.1,No
48,66542,502,280604,25,0,10,23.9,Yes
25,62520,715,237450,4,1,3,60.3,Yes
50,84772,728,907558,28,0,15,24.6,Yes
25,78762,835,892503,5,0,5,59.3,Yes
32,70106,685,776481,14,0,7,15.7,Yes
36,45559,554,386907,15,0,5,46.1,No
46,53742,753,537030,23,0,15,59.9,Yes
46,89669,523,809710,23,1,3,19.3,No
41,41754,661,455453,23,0,5,63.3,Yes
59,23972,657,721009,35,1,15,34.9,No
56,90831,581,218785,34,0,10,62.0,No
53,61873,658,254535,30,1,7,47.2,Yes
50,29903,687,750769,26,1,5,26.6,No
57,23020,559,229838,35,1,3,20.4,No
43,61755,804,620442,22,0,10,26.7,Yes
30,65648,818,319160,11,0,15,15.1,Yes
25,29516,710,522779,7,0,7,17.9,Yes
56,22396,651,491904,35,1,3,15.8,No
54,39129,608,926110,32,1,15,33.3,No
51,21591,575,948488,32,0,15,53.8,No
30,31303,529,628526,9,0,5,17.8,No
39,50561,813,370752,18,0,5,17.2,Yes
52,91719,616,663369,34,0,3,45.4,No
21,27314,691,297644,0,0,15,20.8,Yes
25,39623,518,999401,7,1,5,15.4,No
24,87675,672,887393,2,1,7,19.2,Yes
36,85082,727,249775,17,0,7,60.8,Yes
44,53130,849,863349,25,0,15,55.2,Yes
36,71756,682,990240,13,0,5,29.5,Yes
22,46292,612,864422,0,0,3,46.1,No
48,89274,682,112551,24,0,3,39.6,Yes
52,22469,645,784983,33,0,3,47.2,No
47,73947,818,727800,28,1,7,47.5,Yes
40,42534,615,216277,20,0,5,44.6,No
44,83620,612,130811,24,0,5,24.6,No
32,68874,750,829128,12,1,7,12.1,Yes
55,69708,750,891535,31,1,3,35.1,Yes
53,94553,802,514028,30,0,3,59.0,Yes
53,88344,812,418266,32,0,15,41.3,Yes
57,69138,617,284104,35,0,10,55.8,No
32,74302,800,593296,9,1,5,64.5,Yes
23,67638,660,252346,5,1,5,19.0,Yes
21,98249,697,606690,0,1,5,48.0,No
53,22719,759,234456,33,0,10,47.1,Yes
60,42890,647,834282,35,1,15,63.9,No
30,97236,739,449009,9,0,10,64.2,Yes
49,56509,546,546043,27,0,3,47.8,No
33,62534,697,186643,11,0,3,23.4,Yes
32,38787,546,540083,11,0,5,53.9,No
51,68845,577,983713,31,0,7,15.9,No
22,77932,623,163550,0,1,5,52.9,No
55,53062,574,534146,34,1,7,60.1,Yes
43,95713,636,141218,22,0,10,31.1,Yes
37,80461,589,183296,16,0,3,44.7,No
46,95418,824,549909,24,0,7,33.7,Yes
28,86672,560,568767,5,0,10,34.1,Yes
49,54832,637,229767,31,0,3,27.1,Yes
46,51966,549,957211,22,1,7,51.9,No
30,92545,758,441858,10,0,5,61.5,Yes
46,32987,606,815348,26,0,5,61.7,No
54,57311,612,290016,35,0,5,19.6,Yes
27,51575,849,82441,4,1,10,58.1,Yes
24,83852,753,288038,3,1,5,50.6,Yes
31,21007,617,744489,7,1,15,23.9,No
49,90981,697,805612,29,1,3,13.7,Yes
56,96242,836,898800,35,0,10,24.7,Yes
45,67517,550,666410,26,0,5,60.2,No
41,49257,744,94760,23,1,3,44.8,Yes
56,62207,534,335622,35,0,7,49.7,No
30,33281,801,964313,9,0,5,24.1,Yes
57,81246,568,908286,35,0,3,49.6,No
29,21435,848,930662,6,0,15,11.5,Yes
44,46660,819,397860,20,0,7,30.6,Yes
55,25084,548,717540,32,0,15,44.5,No
55,33507,573,148538,32,1,3,18.0,No
56,92595,691,589660,35,0,15,55.3,Yes
38,65539,760,866228,14,0,3,22.9,Yes
59,27491,569,561511,35,0,3,45.9,No
52,70192,589,271035,32,0,15,32.3,Yes
44,83888,759,935258,24,0,3,42.8,Yes
43,93609,625,432736,19,0,5,15.9,Yes
52,29077,730,405779,33,0,3,10.9,Yes
57,40953,794,685310,35,0,10,60.0,Yes
32,96919,628,628328,12,0,3,24.8,Yes
33,87889,779,911789,11,0,10,55.1,Yes
43,43821,812,776728,25,0,3,65.0,Yes
45,57567,599,652644,26,0,3,21.6,Yes
55,44860,825,328355,31,0,15,24.6,Yes
50,41195,796,417570,31,0,5,46.5,Yes
37,97475,681,317986,17,0,5,63.1,Yes
40,41427,673,506331,17,0,7,60.4,Yes
45,47083,815,903284,27,0,15,37.7,Yes
42,77372,687,437881,18,1,15,53.7,Yes
33,64064,556,358112,12,1,5,17.5,No
39,27813,530,853940,21,1,15,63.8,No
56,51598,583,203077,34,1,5,63.0,No
32,47082,651,104575,13,0,15,19.0,Yes
39,49241,535,523958,15,1,3,26.5,No
32,64569,712,724331,14,0,5,15.5,Yes
29,31745,605,468815,10,0,5,24.9,No
27,46029,841,530808,3,0,10,54.9,Yes
48,33025,719,641202,28,0,15,30.8,Yes
34,34288,662,823422,16,1,15,14.9,No
51,26540,719,641343,31,0,5,28.8,Yes
39,88878,769,661985,21,1,3,64.0,Yes
36,61846,619,680527,16,0,3,44.6,No
25,95932,835,285469,6,0,3,32.9,Yes
55,37482,681,173106,34,0,15,19.2,Yes
32,43411,605,841787,14,0,10,64.2,No
45,70975,716,890552,27,1,5,55.1,Yes
41,80545,704,517835,21,0,7,25.5,Yes
56,98797,569,350486,32,0,10,13.9,Yes
43,72307,543,52257,25,1,7,13.1,No
36,23093,828,339508,16,0,10,16.6,Yes
59,97258,800,730332,35,1,3,41.9,Yes
59,42042,727,161715,35,0,15,61.1,Yes
34,72930,683,76654,15,0,7,37.3,Yes
51,64413,606,786129,30,0,10,56.4,No
25,53756,583,393567,2,0,15,34.5,Yes
55,73268,837,341464,35,0,7,49.0,Yes
43,59214,749,595096,24,0,5,50.3,Yes
49,48602,520,626677,30,1,10,19.6,No
31,73331,695,538906,7,1,5,29.9,Yes
38,68901,677,168581,19,0,3,45.1,Yes
32,83416,506,177927,8,0,5,13.9,Yes
29,52196,569,84773,10,0,5,29.9,Yes
30,25626,626,756528,8,0,10,39.4,No
37,27424,659,470963,14,1,3,64.8,No
58,32857,747,388540,35,0,5,36.1,Yes
27,39982,702,551590,8,0,15,54.9,No
33,96961,647,419836,10,0,7,33.8,Yes
60,21980,642,264764,35,1,5,53.8,No
29,68290,698,631793,11,0,3,42.7,Yes
47,46431,653,922328,26,0,5,58.8,Yes
22,46385,641,592423,0,0,7,32.6,No
25,58158,812,665175,4,0,3,43.2,Yes
49,43019,664,172118,26,0,10,44.7,Yes
57,38639,813,359521,33,0,3,33.0,Yes
58,41563,520,204626,35,1,10,17.9,No
39,59341,581,898923,18,0,3,15.1,No
28,25776,568,295739,6,0,7,10.9,No
21,56444,630,894715,2,1,7,58.0,No
42,88916,586,528356,24,1,3,23.0,No
37,28711,717,329067,19,0,5,21.6,Yes
27,94318,804,359735,9,0,7,50.5,Yes
45,50707,844,636549,26,0,10,27.6,Yes
24,59110,840,366480,6,1,10,37.8,Yes
56,81788,660,386227,34,0,15,18.9,Yes
26,58827,677,635236,7,0,10,62.8,Yes
51,25655,616,290891,33,0,15,56.8,No
39,64859,695,214074,20,0,3,57.5,Yes
59,73625,826,523314,35,0,3,32.4,No
47,72098,585,559452,25,0,3,51.9,No
30,35251,788,338816,10,0,5,17.9,Yes
46,20526,580,840645,22,0,5,10.5,No
39,88760,651,191365,21,0,15,11.1,Yes
59,67837,560,499076,35,0,10,42.3,No
23,31536,560,112507,4,0,10,35.0,No
33,48541,527,107134,9,0,3,38.5,Yes
48,99083,542,183172,26,0,7,10.4,Yes
40,71027,668,291225,18,1,5,33.2,Yes
48,54531,585,243069,25,1,5,49.5,No
28,28712,676,864604,10,1,3,34.3,No
59,85455,516,856564,35,0,5,50.3,No
21,94744,597,823221,0,0,3,22.8,Yes
23,25109,697,854631,3,0,15,54.7,No
33,69268,597,610897,10,0,10,42.4,No
48,74615,564,224037,25,0,7,21.6,Yes
45,49759,829,713376,23,1,10,23.0,Yes
53,80112,840,482995,33,0,10,44.5,Yes
58,46589,504,546013,35,0,15,55.6,No
26,50015,501,344025,2,1,5,32.9,No
52,49009,521,787954,29,1,7,24.2,No
41,82046,611,860904,21,1,5,57.7,No
36,46143,556,550098,18,0,10,46.8,No
41,26154,565,757173,21,0,3,34.6,No
31,41804,829,805728,7,0,10,36.8,Yes
57,61688,597,307803,35,0,5,21.2,Yes
56,84288,643,741381,35,0,10,44.5,No
55,71195,624,366275,35,0,3,29.7,Yes
39,40581,666,729447,21,1,15,64.8,No
40,72648,585,62828,17,0,5,36.4,Yes
38,50087,575,933096,14,1,10,36.7,No
34,69930,843,566835,16,1,5,41.1,Yes
35,52981,793,706761,15,0,15,60.4,Yes
51,89298,558,851625,31,1,10,54.0,No
21,66167,637,273461,0,0,10,34.8,Yes
23,95304,598,488080,0,0,5,49.5,No
36,63408,691,463523,14,1,5,42.2,Yes
43,59499,742,414662,25,0,3,37.1,Yes
31,72269,818,331755,8,1,15,20.6,Yes
32,58559,548,749151,8,0,3,35.5,No
30,94319,531,979454,12,0,10,23.5,Yes
52,68787,776,388384,32,0,5,60.3,Yes
36,55488,519,289719,12,0,10,28.4,No
28,94441,653,782763,4,0,10,62.4,Yes
58,94663,567,839177,35,0,7,39.3,Yes
32,42431,713,891675,8,1,7,44.7,No
44,81681,642,316010,22,1,10,39.9,No
48,83483,731,737605,24,0,5,17.1,No
28,69153,712,487940,6,1,10,30.7,Yes
48,26368,578,965113,28,1,7,15.5,No
56,47424,713,645642,34,1,5,44.3,No
46,65004,615,101374,28,0,10,34.6,Yes
28,76985,591,164397,8,0,15,52.8,No
48,70069,769,298552,28,1,15,22.1,Yes
48,72326,667,436721,26,0,10,19.1,Yes
57,43398,557,473332,34,1,5,32.3,No
56,70861,783,917461,35,0,10,61.0,Yes
47,95897,525,930006,23,0,10,49.1,No
37,88577,565,987951,18,0,7,33.0,Yes
29,85641,747,342575,8,0,15,38.4,Yes
53,29078,753,461124,29,0,7,14.6,Yes
40,45003,543,79336,16,1,7,64.2,No
33,82768,596,877424,13,0,10,46.7,No
48,71047,541,105350,24,1,7,25.7,No
49,91626,726,643849,30,1,15,42.2,Yes
33,77660,761,560470,9,0,7,16.0,Yes
55,69786,666,888387,33,1,15,63.1,Yes
26,21925,778,111240,5,1,7,19.6,Yes
38,46015,588,725453,16,1,15,45.6,No
25,53320,677,449371,6,1,7,23.5,Yes
45,84881,696,620895,21,1,7,49.5,No
22,46289,806,761028,4,0,5,52.7,Yes
30,23389,766,988467,11,0,15,47.0,No
50,45683,767,231196,30,1,15,43.8,Yes
25,33629,573,365014,3,0,15,59.1,No
53,81550,507,499763,31,0,3,14.3,Yes
21,44826,796,638398,0,0,7,28.2,Yes
38,46630,663,234626,14,1,15,23.7,Yes
52,66163,584,726296,32,0,3,64.3,No
31,86435,571,429039,13,1,5,31.4,No
41,31653,554,578714,19,0,15,50.3,No
46,47961,546,794199,24,0,15,47.7,No
45,94137,737,864038,25,0,3,21.7,Yes
42,53662,603,491048,23,0,7,23.1,Yes
47,76446,709,602439,28,1,5,25.5,Yes
33,41288,541,323452,9,1,15,32.6,No
53,56877,815,290853,30,1,7,22.9,Yes
54,35313,767,828883,32,0,5,11.1,Yes
55,92715,762,226743,32,0,10,58.4,No
21,30326,835,140306,2,1,10,63.1,No
41,21560,758,799468,22,1,5,28.8,No
26,99148,782,943416,5,0,3,28.6,Yes
48,46745,613,576492,30,0,5,10.4,No
37,51890,539,142769,13,0,5,47.4,No
25,40022,719,137265,4,1,3,55.4,No
51,72579,628,867563,33,0,3,18.1,Yes
25,90316,507,102428,4,0,7,18.8,Yes
58,48380,600,608158,35,0,7,53.5,No
23,22356,675,677835,0,1,3,43.9,Yes
43,90326,606,810278,19,0,10,12.5,Yes
57,40049,600,99067,35,0,10,44.2,No
57,95717,759,812371,34,0,5,27.0,Yes
30,36082,745,162217,7,0,15,30.3,Yes
30,20661,774,989111,10,0,5,52.3,No
39,57412,531,468184,19,1,5,54.6,No
37,22920,636,673222,18,1,15,32.0,No
41,80315,511,192980,23,1,3,62.1,No
34,99561,801,993927,13,1,10,32.4,Yes
29,28946,515,552367,9,0,5,52.5,No
21,65500,628,386851,0,1,15,36.6,No
33,36309,562,259329,10,0,7,59.4,No
24,75230,608,307354,4,1,5,59.9,No
21,50027,520,573406,0,1,10,14.8,No
60,92541,657,111215,35,0,3,61.5,Yes
52,79321,768,761195,30,0,5,55.4,Yes
54,20956,661,361573,35,0,5,53.5,No
48,94131,759,918584,29,0,15,21.1,Yes
51,67908,601,682336,29,0,7,54.3,No
28,98339,722,219530,10,1,7,56.8,Yes
59,45963,558,227241,35,1,3,25.9,No
46,59443,746,188731,25,0,10,62.4,Yes
54,59063,627,503830,32,0,3,12.7,Yes
23,24703,782,814265,2,0,5,18.2,No
32,85128,824,389384,11,1,5,39.6,Yes
21,92099,524,476009,0,0,7,41.7,Yes
25,45849,630,163688,2,0,10,45.5,No
50,51860,695,358617,32,0,15,10.9,Yes
50,51585,780,933194,28,0,10,62.8,Yes
37,42015,653,794748,15,0,5,12.5,Yes
43,97539,632,540834,24,1,15,17.9,No
35,63585,726,943388,13,0,10,10.8,Yes
57,46958,688,430596,34,1,10,41.2,Yes
41,46017,764,761111,22,0,15,61.3,Yes
34,96707,633,962743,10,1,5,46.6,No
22,65350,710,784275,0,1,10,55.2,Yes
31,32201,559,319150,10,0,15,10.7,No
59,49426,712,299243,35,0,5,39.8,Yes
58,37778,715,648506,35,0,15,35.3,Yes
54,65241,725,246416,31,1,15,37.4,Yes
58,62229,630,606718,35,0,10,14.0,Yes
54,68364,575,73091,35,1,5,47.6,No
38,77056,785,831413,14,0,10,37.7,Yes
50,47490,776,598277,29,1,3,52.1,No
35,39975,655,125451,11,1,3,36.7,Yes
47,46723,747,68990,24,1,5,18.2,Yes
54,43279,717,402414,31,0,15,45.7,No
58,98301,689,916792,35,0,10,19.5,Yes
53,31561,662,300541,33,1,10,58.0,No
44,86061,679,872513,25,0,5,43.7,Yes
35,69153,533,716393,17,0,5,18.6,Yes
50,53142,540,420416,27,0,3,62.9,No
37,46916,806,852673,16,0,7,38.5,Yes
25,84324,837,174932,1,0,5,14.0,No
49,64965,813,318083,27,0,7,44.5,Yes
24,24648,574,163000,4,0,5,23.9,No
30,55133,778,752922,8,1,15,54.2,No
37,70677,675,609351,16,1,15,55.0,Yes
30,90135,649,543216,10,1,3,63.8,No
37,55046,772,782081,15,1,3,37.6,Yes
40,67064,824,732405,22,0,7,35.0,Yes
44,89350,607,559850,23,0,5,51.4,No
25,65893,638,487985,1,0,10,17.3,Yes
54,81272,849,883550,35,0,3,40.1,Yes
26,87649,770,134703,5,1,10,40.0,Yes
22,84674,846,545164,3,0,10,14.9,Yes
33,33760,788,464841,13,0,5,33.0,Yes
31,41927,711,810084,8,0,7,56.9,Yes
43,81367,771,702845,19,0,5,57.1,Yes
36,32588,565,339220,18,1,3,15.5,No
51,72233,747,303317,33,0,10,15.0,Yes
31,64738,655,245877,9,1,5,24.4,Yes
36,53397,546,881037,16,0,5,58.1,Yes
28,96367,700,396709,5,0,5,17.1,Yes
24,91260,647,531725,3,1,3,49.6,No
60,96619,623,875553,35,0,7,15.6,Yes
24,39816,500,867865,4,1,5,44.3,No
45,62240,746,617597,25,1,3,29.6,Yes
23,26276,842,903900,4,1,10,53.4,No
52,99530,627,487470,33,1,15,22.9,No
23,43499,690,903725,0,0,3,45.2,No
47,91635,566,408402,26,1,15,23.0,No
49,55946,503,874837,26,0,5,49.3,No
52,75204,802,617815,32,1,5,58.1,Yes
39,71886,793,913659,19,1,3,17.0,Yes
41,91652,642,967996,19,1,15,57.7,No
25,35563,690,798778,6,1,5,42.6,No
38,29847,520,189883,16,0,10,17.0,No
48,46155,726,667632,24,1,7,33.5,Yes
42,99671,812,205344,22,0,7,18.8,Yes
41,87278,616,515226,19,1,5,48.5,No
26,38309,801,797852,3,1,15,51.7,No
21,20619,641,621441,2,0,5,15.8,No
25,70108,538,158042,6,0,15,37.8,No
32,54707,751,104110,11,0,10,54.8,Yes
46,40337,832,195051,23,1,15,61.5,Yes
54,86504,706,815419,33,0,5,38.2,Yes
34,67614,709,813461,12,0,10,62.3,Yes
46,20281,614,78328,28,0,3,39.5,No
47,47420,724,687199,23,1,7,31.7,Yes
29,59030,633,325011,6,0,5,56.7,No
46,21058,750,109234,23,0,5,37.1,Yes
42,96260,718,862283,19,0,5,36.0,Yes
50,48404,590,867711,29,0,10,37.0,No
37,49856,545,822791,15,0,3,56.6,No
46,29200,537,277135,23,0,15,55.8,No
56,84178,641,647690,35,0,3,32.2,Yes
21,53997,599,851881,0,1,10,28.3,No
28,45611,827,388365,9,1,5,37.1,Yes
55,61235,689,925512,31,0,7,41.5,Yes
35,55057,534,579739,16,1,5,23.1,No
42,21239,646,137178,23,0,15,53.7,No
34,85661,529,900193,10,0,7,36.8,No
46,65272,833,286562,28,0,5,28.4,Yes
48,81212,583,351014,26,0,7,15.9,Yes
43,35398,780,408710,24,0,3,23.1,Yes
34,76503,843,435893,12,0,10,62.2,Yes
44,26638,769,173765,25,0,5,26.8,Yes
22,26570,653,437025,2,1,15,19.3,No
46,88785,601,998377,22,0,3,35.3,Yes
34,29110,714,178389,15,0,5,26.9,Yes
27,99141,649,763987,7,0,3,11.9,Yes
23,32115,582,247227,2,0,15,27.8,No
43,59062,609,542402,23,0,5,39.9,Yes
38,42911,774,861804,15,0,15,40.3,Yes
58,52556,700,840074,35,1,7,29.6,Yes
55,98131,783,310220,35,0,15,34.6,Yes
35,21969,672,471217,13,0,7,63.1,No
45,63753,826,346208,24,1,5,30.8,Yes
57,24470,705,800186,35,0,7,24.2,Yes
48,30225,562,850554,29,0,5,23.4,No
30,43196,572,992324,7,1,5,35.2,Yes
59,33669,750,118431,35,0,10,51.8,Yes
37,57380,623,105745,17,0,5,21.3,Yes
59,68320,620,100081,35,0,7,49.0,No
42,67414,774,976215,24,0,10,11.2,Yes
46,35577,619,266204,25,0,10,33.0,No
45,75409,816,986297,27,0,5,52.7,Yes
37,48625,663,451415,19,0,15,28.6,Yes
33,44089,785,650541,14,0,15,41.0,Yes
40,56487,764,348335,19,1,10,21.3,Yes
45,85838,819,846643,22,0,5,50.8,Yes
24,70138,660,161086,4,0,15,12.9,Yes
30,62823,807,506285,9,0,5,56.9,No
23,57208,588,464758,2,1,5,20.9,No
38,74061,641,474528,14,0,10,58.1,No
56,50659,702,488458,35,1,10,29.4,No
42,51890,808,938403,18,0,3,49.7,Yes
54,99134,726,668071,34,0,15,27.6,Yes
28,67055,833,699969,10,0,15,59.8,Yes
60,39508,721,662181,35,0,15,17.0,Yes
39,62287,540,549797,20,0,7,19.8,Yes
57,98916,695,208763,35,0,5,37.1,No
26,46984,567,652248,6,0,10,14.5,No
46,28125,763,920820,24,0,15,20.8,Yes
54,56059,501,72601,35,1,3,61.9,No
26,89569,624,461236,6,1,15,63.7,No
57,37087,609,189227,35,0,5,30.7,No
53,25704,585,774479,34,0,5,60.8,No
42,80576,619,742137,19,0,10,40.0,Yes
41,93384,626,331854,22,1,7,24.8,No
26,92460,754,420858,2,0,10,48.6,Yes
26,47208,682,729892,7,1,15,46.2,No
24,86024,515,703015,2,0,3,64.4,No
50,59882,561,986105,32,0,10,24.6,No
31,45923,657,637515,11,0,7,47.0,Yes
50,49165,767,710327,32,1,10,12.9,Yes
51,87203,534,658577,31,0,5,16.3,Yes
44,24114,766,201094,25,0,15,10.2,Yes
29,84965,563,486679,6,1,15,65.0,No
23,56321,549,780031,0,0,15,54.1,No
51,93297,754,842154,29,1,15,53.3,Yes
60,45426,648,732773,35,0,15,38.0,No
57,37772,824,917482,35,1,15,26.5,No
56,23712,803,552648,35,0,3,18.3,Yes
44,21367,775,808108,25,0,7,25.7,Yes
51,71924,671,811282,29,1,15,30.7,Yes
26,23726,700,529083,5,0,7,51.6,No
22,47723,823,395740,1,0,15,39.7,Yes
40,29108,534,903164,18,0,10,14.3,No
48,97714,715,455513,28,0,15,11.0,Yes
31,55643,564,118323,13,0,5,15.6,Yes
24,51324,507,335960,2,0,3,32.6,Yes
35,28927,800,614983,15,0,10,61.3,No
26,42443,842,462918,3,0,10,45.1,Yes
50,99973,831,468458,28,0,5,54.1,Yes
58,83449,575,105841,35,0,15,35.7,Yes
22,96743,673,440642,0,1,3,29.9,Yes
35,80233,546,248784,13,1,10,16.0,No
31,45537,514,157096,13,1,3,58.2,No
28,97576,646,142764,10,0,10,53.1,No
46,42612,525,496790,26,0,15,19.2,Yes
25,26471,807,660032,5,0,10,38.2,Yes
26,55631,592,864914,2,0,10,36.8,No
46,51348,731,583459,24,0,7,44.4,Yes
24,84732,520,675043,3,0,15,62.0,No
39,21177,806,542148,17,0,5,41.9,No
40,24760,537,682413,18,1,5,39.7,No
53,52779,775,967154,33,0,15,12.8,Yes
40,41636,656,418226,18,0,5,13.5,Yes
32,73551,678,53696,13,0,15,20.3,Yes
21,31556,631,176310,0,0,5,11.8,No
46,47598,810,987562,27,1,7,50.9,No
34,31563,847,725673,16,0,5,49.8,No
58,66819,527,855581,35,0,10,17.5,No
57,93770,759,966496,35,0,15,56.0,Yes
31,46966,575,889953,9,0,3,18.5,No
56,79889,566,95740,35,0,3,26.6,Yes
33,46987,841,156611,14,1,15,23.7,Yes
23,98714,693,448172,5,1,7,30.5,Yes
53,78348,661,518947,34,1,5,24.0,Yes
26,44596,846,525828,3,0,7,36.9,Yes
30,53174,756,823210,6,1,3,32.4,Yes
25,84106,571,378785,4,0,15,64.3,No
43,89967,586,638099,25,0,15,13.1,Yes
30,79182,761,495376,12,0,7,17.8,Yes
22,59310,713,756673,0,0,7,12.9,Yes
33,76088,652,637520,10,0,5,44.4,Yes
60,28906,709,851849,35,1,10,13.0,No
22,56914,560,730089,0,0,10,56.0,No
40,65379,767,162492,20,0,5,38.2,Yes
21,98612,761,80099,1,0,10,39.0,Yes
57,57650,717,803494,35,1,3,40.9,No
29,66881,782,473177,6,1,10,19.4,Yes
37,66413,635,980106,15,1,5,20.9,No
29,26012,592,692762,5,0,10,27.5,No
31,70115,608,321400,10,0,15,42.6,No
35,27151,740,529336,15,0,7,21.6,Yes
44,77716,641,817876,24,0,3,16.4,Yes
58,56378,790,608969,35,0,15,63.4,Yes
55,62652,736,141328,33,0,15,11.2,Yes
50,92430,839,792800,28,0,5,54.1,Yes
51,33467,811,355505,28,1,7,53.3,No
25,51010,676,507719,2,0,7,26.3,Yes
34,74691,640,84540,14,0,3,17.5,Yes
31,84157,688,207608,9,0,5,18.0,Yes
29,32289,548,134700,5,1,3,48.4,No
54,64976,801,390676,33,1,10,45.4,Yes
32,63596,689,761935,10,1,15,53.1,Yes
55,43171,635,439770,35,1,3,61.6,No
55,64139,542,446087,33,0,15,48.1,No
21,68713,589,96002,2,0,5,18.6,Yes
60,49734,794,99812,35,0,10,23.4,Yes
42,92588,840,465842,24,0,5,56.3,Yes
49,83646,744,765339,28,0,10,21.5,Yes
28,23654,691,307906,8,0,10,14.0,Yes
31,38743,817,158946,13,1,15,48.7,No
57,68368,605,116668,35,1,5,32.1,No
34,94172,809,149003,14,1,5,60.6,Yes
50,26441,732,785430,28,1,3,45.8,No
55,44611,764,270462,35,1,5,15.0,Yes
41,32149,843,879430,20,0,3,62.1,No
57,79189,536,769174,34,0,7,24.2,Yes
25,41675,804,678889,4,1,7,28.5,Yes
39,91031,540,319956,20,1,7,32.1,No
34,62668,516,111844,10,0,5,12.8,Yes
46,33673,843,775453,23,1,5,37.3,No
24,96666,776,445395,3,0,3,16.8,Yes
45,85429,806,749158,26,0,10,32.1,Yes
45,43669,558,124601,21,1,3,29.3,No
38,54068,682,975779,19,0,7,52.5,Yes
60,29435,540,360001,35,0,3,54.2,No
28,72249,538,437699,6,0,10,18.4,Yes
59,57384,691,544700,35,1,5,30.2,Yes
60,96153,766,332844,35,0,3,30.5,Yes
34,95388,646,832215,12,1,7,18.3,No
52,51401,832,482680,34,0,7,53.9,Yes
58,91831,626,223423,35,0,5,48.9,No
53,54084,545,143330,30,1,3,20.5,No
43,75826,544,275391,25,0,10,30.2,Yes
35,56451,500,263606,13,1,5,15.8,No
53,27227,667,457085,33,0,3,44.6,No
45,51910,607,241387,24,1,15,16.7,No
37,56041,518,291133,17,0,7,64.2,No
53,85681,831,536904,35,0,10,52.9,Yes
22,85481,571,464170,0,0,10,31.5,Yes
34,88576,608,736915,12,0,10,41.8,Yes
60,84174,767,375497,35,0,7,60.1,Yes
60,46160,739,525406,35,0,3,40.5,No
59,37633,800,488242,35,0,5,19.6,Yes
26,37014,589,412916,7,0,3,30.8,No
26,69104,602,228048,3,0,5,56.4,No
23,61621,749,403646,4,1,10,45.4,Yes
27,97231,507,426087,5,0,3,45.8,No
28,88388,652,421994,4,0,10,57.7,Yes
35,36014,846,619383,17,0,15,59.2,No
49,53755,673,195342,28,1,10,60.6,Yes
53,60390,842,736268,29,0,10,15.2,Yes
50,43711,657,851955,32,1,5,39.9,Yes
59,77993,714,112433,35,1,15,50.7,Yes
47,94696,676,594279,28,1,10,51.6,Yes
56,47213,674,322919,35,0,10,43.4,No
49,77784,839,521017,26,0,15,19.2,Yes
58,27421,837,397139,35,1,15,53.9,No
53,37727,645,197745,29,0,3,49.6,No
57,24358,823,697096,35,0,5,14.7,Yes
47,85108,660,732416,28,0,15,35.5,Yes
53,52117,626,187686,34,1,15,19.6,No
24,51910,581,57415,1,0,7,28.6,Yes
42,75754,646,820326,21,1,15,11.0,No
22,82438,738,487100,0,0,5,32.0,Yes
30,49371,583,984468,6,0,10,40.2,No
25,71501,612,828493,7,0,10,44.1,No
30,80946,724,349188,8,0,10,46.5,No
53,58467,831,762509,31,1,10,56.0,No
58,37625,742,218616,35,1,7,21.9,Yes
33,53893,642,99976,12,1,15,16.6,No
51,96329,540,475468,32,0,10,56.8,No
56,51007,757,315976,35,1,3,18.6,Yes
44,59532,784,271883,25,0,10,63.6,No
35,74253,604,261509,16,0,15,56.3,No
49,32323,701,546965,27,0,10,37.5,Yes
28,93379,806,870580,7,0,7,64.0,Yes
25,34210,830,813529,2,1,5,15.4,No
49,36456,765,568823,30,1,5,26.7,No
24,51367,709,269526,4,0,15,45.1,Yes
32,74624,550,948662,12,1,5,29.3,No
22,30106,617,397220,0,0,5,61.1,No
47,88008,700,874834,27,0,3,13.6,Yes
51,92240,538,763087,27,0,15,40.2,Yes
56,84315,527,88578,35,0,15,42.5,No
56,89249,758,664741,33,0,5,45.9,Yes
46,90587,583,465534,25,0,5,24.1,Yes
47,30756,654,912147,28,1,5,30.1,No
25,88011,616,258859,2,1,7,56.4,No
40,56378,501,161435,18,0,10,20.7,Yes
31,24255,592,790389,10,1,7,55.5,No
30,34484,665,201538,8,0,15,40.9,Yes
60,76549,849,932174,35,0,3,51.9,Yes
58,54503,795,95475,35,1,10,49.2,Yes
26,93794,757,896574,6,0,3,21.4,Yes
28,65113,580,790520,5,0,15,41.3,No
43,94069,767,207636,24,0,15,57.7,Yes
46,25249,734,203484,22,0,3,33.8,Yes
32,39201,820,143526,11,1,3,63.2,No
46,78576,810,101001,25,0,3,34.9,Yes
33,29686,800,894081,15,0,15,17.9,Yes
60,73363,712,242029,35,0,5,31.4,Yes
38,20661,561,478733,19,1,3,62.3,No
45,64843,548,718516,23,0,10,27.6,Yes
53,80963,626,990568,35,1,15,57.7,No
60,62828,722,599999,35,0,7,58.5,Yes
32,68604,778,604394,10,0,7,29.3,Yes
56,30526,793,901890,35,0,10,14.6,Yes
24,88910,783,984093,2,0,5,49.9,Yes
25,45592,776,532488,5,0,3,27.1,Yes
57,48982,606,442573,35,0,15,53.1,No
28,20207,645,267583,10,1,3,34.3,No
48,88619,598,413898,24,0,15,36.7,Yes
51,49328,572,188286,29,1,7,52.8,No
29,66479,621,277189,7,0,3,31.0,No
49,40103,529,176479,28,0,10,34.4,Yes
